"participant";"age_enter.text";"gender_slider.response";"lang_enter.text"
"141640";55;2;"English"
"178060";44;2;"English"
"302992";41;1;"english"
"544175";57;2;"English"
"578679";26;1;"English"
"637449";31;1;"english"
"736857";62;1;"English"
"816821";66;1;"english"
"957435";25;1;"english"
"982794";30;1;"English"
"220552";34;2;"English"
"304232";50;1;"English"
"391597";24;1;"english"
"427107";25;1;"English"
"652691";43;2;"English"
"674055";33;NA;"English"
"748600";32;2;"English"
"850671";25;1;"english"
"893110";34;2;"English"
"956647";26;1;"English"
